order_id,order_number,customer,order_date
BT000820,820,Beatrisa Tarbin,2022-10-26
AJ000746,746,Anthony Janaszkiewicz,2022-10-24
PM092254,92254,Pepe Monelli,2022-10-24
SD486951,486951,Sharai Dobey,2022-10-30
TR000520,520,Thebault Roycroft,2022-10-26
GC008525,8525,Georgeanna Chart,2022-10-24
CA001053,1053,Ceciley Aspland,2022-10-29
VJ088588,88588,Valry Jenken,2022-10-26
RS006753,6753,Rasia Sargint,2022-10-26
AM000847,847,Alfy Moralas,2022-10-26
AK096731,96731,Antonetta Keefe,2022-10-30
KI000769,769,Kally Ingerson,2022-10-24
HC079050,79050,Harper Cranmor,2022-10-24
TT078233,78233,Ty Tordiffe,2022-10-27
AP034824,34824,Alfreda Poynser,2022-10-26
WC095394,95394,Willdon Cowdroy,2022-10-27
AP038523,38523,Abram Pressey,2022-10-27
AR007841,7841,Avivah Rousel,2022-10-26
BC083743,83743,Bette-ann Coldbreath,2022-10-26
JB000171,171,Jillian Baudinelli,2022-10-27
IS207816,207816,Illa Serrier,2022-10-24
AH001896,1896,Arlette Hubbuck,2022-10-27
WR045096,45096,Worthington Roffey,2022-10-26
SK281795,281795,Simmonds Kesterton,2022-10-29
FA007643,7643,Francene Abberley,2022-10-30
FG003389,3389,Fielding Giggie,2022-10-29
HM841085,841085,Haskel Mabbe,2022-10-26
NL000634,634,Nelli Loosely,2022-10-24
RB009864,9864,Reynard Butterwick,2022-10-29
LB000510,510,Lanie Brittles,2022-10-30
AS006835,6835,Arlene Steere,2022-10-27
RH045254,45254,Raul Harrington,2022-10-29
TL000608,608,Tabina Ludovico,2022-10-26
CH036901,36901,Clywd Houlaghan,2022-10-25
WB009586,9586,Wells Bowmen,2022-10-25
JT008931,8931,Juliet Taynton,2022-10-24
TR000608,608,Trumaine Reith,2022-10-28
HD354564,354564,Hakeem Droghan,2022-10-25
MP005573,5573,Merrilee Purdy,2022-10-24
LB000789,789,Lancelot Beeching,2022-10-24
HR000885,885,Harley Rodnight,2022-10-29
RH079936,79936,Reuven Hlavac,2022-10-30
AF030994,30994,Addi Farreil,2022-10-30
GS077891,77891,Gwenni Sweeny,2022-10-30
PE080540,80540,Pattin Eschelle,2022-10-28
DO083044,83044,Deborah Oakly,2022-10-27
BM006712,6712,Brittne Mongan,2022-10-29
EM019408,19408,Estell Moubray,2022-10-29
LA177252,177252,Lenora Autry,2022-10-27
AD000815,815,Ava Davern,2022-10-27
DD056874,56874,Didi Daily,2022-10-30
ES095036,95036,Elysha Seabrocke,2022-10-24
EH075837,75837,Erhard Henzer,2022-10-28
MP008552,8552,Mirabelle Probetts,2022-10-30
JB009080,9080,Jamison Burgh,2022-10-25
BS006743,6743,Bobina Sebert,2022-10-30
SA006783,6783,Stearne Arnholtz,2022-10-28
KB004909,4909,Kesley Bielfeld,2022-10-25
EH000633,633,Eduard Henrot,2022-10-25
BB082056,82056,Betsey Blindmann,2022-10-25
FK009644,9644,Flor Kearn,2022-10-30
TA002385,2385,Toma Auger,2022-10-24
EB002764,2764,Edvard Breukelman,2022-10-29
YS064255,64255,Yoshi Stanton,2022-10-25
JO015542,15542,Jill O'Doireidh,2022-10-27
MO000670,670,Marja O'Docherty,2022-10-30
VP000827,827,Victor Pietsma,2022-10-24
MM000227,227,Mureil MacSherry,2022-10-28
LR000446,446,Lurline Riggott,2022-10-26
SO000962,962,Sterling Ozintsev,2022-10-27
FL000333,333,Forrest Loche,2022-10-28
IB009553,9553,Inglis Baddeley,2022-10-28
AF006772,6772,Ashlen Feasby,2022-10-28
AD088883,88883,Alisander Dudhill,2022-10-29
CW934910,934910,Cori Whitehorn,2022-10-30
HB048892,48892,Hyacinthe Bedminster,2022-10-28
JG021887,21887,Julina Gecke,2022-10-28
AB005320,5320,Aura Blueman,2022-10-27
OT253962,253962,Ofella Telford,2022-10-24
KS003033,3033,Krystalle Stokell,2022-10-25
MG069672,69672,Merle Grogono,2022-10-26
AD000546,546,Angelle Durante,2022-10-28
PA462792,462792,Phip Alpin,2022-10-28
PA005838,5838,Patsy Abrahm,2022-10-27
LQ006347,6347,Lucas Quirke,2022-10-29
DC000408,408,Demetra Cotton,2022-10-25
FB020041,20041,Filide Barbour,2022-10-30
NO056360,56360,Nata Oliveira,2022-10-30
KN000030,30,Kristel Northover,2022-10-27
JO253027,253027,Joseito O'Bee,2022-10-26
TM339338,339338,Tallulah Markos,2022-10-28
LD028059,28059,Linc Dawtrey,2022-10-24
IB051166,51166,Inna Bisiker,2022-10-30
AG026560,26560,Antonella Grieve,2022-10-24
MM003707,3707,Maximo Middle,2022-10-30
MD008639,8639,Miner Duerden,2022-10-29
MB009576,9576,Mireille Bracken,2022-10-24
KS074651,74651,Kali Scemp,2022-10-25
BW000810,810,Bard Wickens,2022-10-27
DM003646,3646,Dougie Morey,2022-10-30
LM093558,93558,Lay Manhood,2022-10-26
GR006086,6086,Giustino Robbert,2022-10-25
WS004892,4892,Wainwright Shawyer,2022-10-30
VM027574,27574,Van Matuszewski,2022-10-25
IS041988,41988,Ingrid Sieve,2022-10-29
MY079242,79242,Martina Yakunin,2022-10-25
CN000490,490,Christos Newson,2022-10-26
HP472006,472006,Hobey Patchett,2022-10-29
DR080642,80642,Dalila Renton,2022-10-26
WC037630,37630,William Click,2022-10-27
TM000320,320,Tracey MacNamee,2022-10-30
MH032921,32921,May Hariot,2022-10-30
AO098899,98899,Antonella Olligan,2022-10-26
GL000670,670,Glenine Livock,2022-10-24
BO064028,64028,Bradly O'Fihily,2022-10-29
FB005290,5290,Ferdinanda Brisker,2022-10-24
TB007015,7015,Trude Beiderbecke,2022-10-27
SC003342,3342,Sari Corker,2022-10-27
WD002878,2878,Wilhelm Duddin,2022-10-29
DP002480,2480,Dall Pavel,2022-10-29
MH008919,8919,Marthena Hinrich,2022-10-27
NL067790,67790,Norina Lipscombe,2022-10-28
KB051853,51853,Kania Breddy,2022-10-30
SC669939,669939,Shelagh Cadle,2022-10-29
AR000983,983,Avram Robottom,2022-10-26
KT892228,892228,Kimberly Tie,2022-10-30
RH001526,1526,Rosco Hebdon,2022-10-25
DM000228,228,Delano McLarens,2022-10-29
BH035740,35740,Brandie Haith,2022-10-26
VW057671,57671,Vina Whight,2022-10-27
HW053219,53219,Harmony Whyke,2022-10-29
SR009603,9603,Savina Rowlands,2022-10-30
PN063910,63910,Pasquale Napoleon,2022-10-24
SB000497,497,Sapphira Boothebie,2022-10-27
UB000790,790,Ulrike Barkes,2022-10-28
AG000556,556,Adele Gladwish,2022-10-26
HA023521,23521,Hadlee Agerskow,2022-10-29
PL061887,61887,Pattin Livick,2022-10-29
RW057328,57328,Rowen Widdowes,2022-10-29
GS006021,6021,Ginnifer Sudran,2022-10-28
AE000566,566,Anallise Eyckelberg,2022-10-27
CD057543,57543,Calvin Dulany,2022-10-30
CR086775,86775,Cahra Ratley,2022-10-29
LD092715,92715,Lanny D'Antoni,2022-10-27
MM008989,8989,Magda Middlebrook,2022-10-28
OB099942,99942,Ofelia Balmann,2022-10-30
GK026661,26661,Gwynne Klimontovich,2022-10-25
CG000764,764,Chariot Gammidge,2022-10-27
PS047751,47751,Penrod Skipping,2022-10-25
IW081568,81568,Iago Wakes,2022-10-26
WB098176,98176,Wilburt Brisseau,2022-10-29
NM005032,5032,Nickola Majury,2022-10-28
RE272618,272618,Rois Egel,2022-10-29
AK098309,98309,Angeli Kretchmer,2022-10-26
JB009460,9460,Joy Bayly,2022-10-24
CB000554,554,Carmel Berrisford,2022-10-28
BA002311,2311,Brittni Aps,2022-10-28
YC054125,54125,York Checcucci,2022-10-29
AA000073,73,Ailbert Arlow,2022-10-29
EL000666,666,Estrellita Latour,2022-10-30
BA001743,1743,Barb Auchterlonie,2022-10-24
NR009818,9818,Ninon Rutledge,2022-10-30
TF000409,409,Trever Filson,2022-10-24
PD000440,440,Peggy Denyukhin,2022-10-25
IM000016,16,Ive McFarlan,2022-10-25
AL026256,26256,Archibald Light,2022-10-27
MM064375,64375,Myer McLellan,2022-10-28
OM020191,20191,Olenolin Minifie,2022-10-25
DM000299,299,Davey Murton,2022-10-25
BH000017,17,Berri Heinish,2022-10-25
RE799767,799767,Ryun Ellor,2022-10-27
SG809633,809633,Serena Gomersal,2022-10-28
SC074044,74044,Silvan Carrabot,2022-10-30
SB947344,947344,Susette Banthorpe,2022-10-25
RT005295,5295,Risa Tarn,2022-10-24
BF058452,58452,Barnaby Fripps,2022-10-24
JN098018,98018,Janey Najera,2022-10-24
AI004483,4483,Aleksandr Ingamells,2022-10-29
GT003318,3318,Geri Tripett,2022-10-24
GK000530,530,Gracia Keitley,2022-10-24
LH000310,310,Lyndell Holdey,2022-10-30
FB006979,6979,Finlay Bownes,2022-10-30
MB003350,3350,Melly Bointon,2022-10-27
KG009959,9959,Kleon Gladdolph,2022-10-25
TS000375,375,Torrin Surgison,2022-10-27
AC003334,3334,Arvy Clerk,2022-10-28
SG009436,9436,Steven Granville,2022-10-26
DR050681,50681,Dougie Rheubottom,2022-10-29
RO000270,270,Rikki Oughton,2022-10-24
CR000979,979,Casey Rainon,2022-10-30
BS684761,684761,Benedetta Swett,2022-10-27
RC000885,885,Ruy Carson,2022-10-26
BF092624,92624,Bogart Ferrarello,2022-10-27
DB000657,657,Danna Bottomer,2022-10-30
DC006254,6254,Delmore Catling,2022-10-25
WH000885,885,Waldon Halwell,2022-10-27
DH072256,72256,Di Haylor,2022-10-30
VR084483,84483,Vivian Revens,2022-10-24
CO045328,45328,Chloe O'Neary,2022-10-30
KB068537,68537,Kylen Birnie,2022-10-24
AD007108,7108,Antonius Delnevo,2022-10-26
GH004839,4839,Gaultiero Heritege,2022-10-24
NP000897,897,Nickie Pittson,2022-10-30
DS001686,1686,Dougie Stonebridge,2022-10-24
WC047797,47797,Waly Campanelli,2022-10-30
AD009623,9623,Allix Dallender,2022-10-29
PM002609,2609,Patin Minshall,2022-10-28
AO000878,878,Annelise Overal,2022-10-27
LE007469,7469,Lorne Eden,2022-10-28
GC009032,9032,Garrick Chitty,2022-10-28
AR007574,7574,Adriano Roskelly,2022-10-29
HJ018216,18216,Hoyt Johansen,2022-10-30
BE002900,2900,Basia Elders,2022-10-30
NB008876,8876,Nessy Butte,2022-10-27
DK342478,342478,Dore Kasperski,2022-10-27
DR000346,346,Dela Rudyard,2022-10-28
HK000556,556,Haley Kybbye,2022-10-26
RL009294,9294,Reinhard Leverson,2022-10-28
MH000640,640,Maudie Highwood,2022-10-28
DB039797,39797,Derrik Barter,2022-10-24
SV064064,64064,Sheridan Verdie,2022-10-29
JT026085,26085,Jillene Tindall,2022-10-27
KE008309,8309,Kyle Eadmeads,2022-10-24
DC000982,982,Dina Cinderey,2022-10-30
RC090909,90909,Robby Clavering,2022-10-27
CH000134,134,Creigh Heake,2022-10-29
OO006383,6383,Otis Oley,2022-10-27
JI035495,35495,Jandy Iacobo,2022-10-25
MR046185,46185,Maynord Rizzello,2022-10-27
MB000164,164,Marian Brombell,2022-10-27
RP006235,6235,Risa Pirdue,2022-10-29
MS049897,49897,Matilda Stove,2022-10-24
NP000213,213,Ninon Pursehouse,2022-10-24
KS004068,4068,Katinka Southwood,2022-10-26
SI000105,105,Stace Irnis,2022-10-29
JV038535,38535,Joey Vanetti,2022-10-24
HR006305,6305,Haven Reubbens,2022-10-30
HL002304,2304,Heda Lunbech,2022-10-27
NM004777,4777,Nanon Merkle,2022-10-29
CD021345,21345,Catrina Domingues,2022-10-28
BL048455,48455,Brook Local,2022-10-27
LB050491,50491,Lorena Bysshe,2022-10-25
RP003052,3052,Raddie Parsisson,2022-10-28
AM063137,63137,Abba Morgan,2022-10-27
SM009613,9613,Sandy McLane,2022-10-26
SK062888,62888,Shay Karpfen,2022-10-24
FM047290,47290,Fletch Marchington,2022-10-29
CM000818,818,Coretta MacDearmont,2022-10-28
DS006035,6035,Demetris Sutherby,2022-10-25
CM740076,740076,Caroline Morilla,2022-10-25
RS070259,70259,Rawley Sherr,2022-10-27
JP006129,6129,Jose Pinch,2022-10-29
VB398339,398339,Valle Bohman,2022-10-30
GC004560,4560,Gena Caramuscia,2022-10-30
MS001288,1288,Marney Swinglehurst,2022-10-29
CH009168,9168,Cooper Humpherston,2022-10-25
MM081002,81002,Madlin MacDonagh,2022-10-26
JE822901,822901,Jackie Eccleston,2022-10-29
MM027980,27980,Marquita Mussington,2022-10-24
WC002922,2922,Willem Cowtherd,2022-10-30
AB000660,660,Adria Beel,2022-10-29
PW000884,884,Philip Wason,2022-10-29
JC090735,90735,Juliette Cleiment,2022-10-25
GT080075,80075,Gae Tremmil,2022-10-30
ML000012,12,Moses Larne,2022-10-30
SB005077,5077,Scot Breslau,2022-10-27
GT006598,6598,Grantham Tabary,2022-10-27
JM008405,8405,Julianne Marns,2022-10-26
JO005220,5220,Joan Ovitz,2022-10-26
KS076252,76252,Kimmie Skilton,2022-10-28
NG073750,73750,Nanon Girardetti,2022-10-30
VB085242,85242,Vinni Burchill,2022-10-24
BF043937,43937,Britt Fraanchyonok,2022-10-24
AB008423,8423,Ailyn Budgett,2022-10-26
PA076528,76528,Park Albiston,2022-10-28
OV000772,772,Olvan Vallender,2022-10-30
AT209859,209859,Abba Tynemouth,2022-10-29
MB000701,701,Merrie Bosley,2022-10-26
EB006325,6325,Emmalynne Barke,2022-10-26
SR005178,5178,Susann Rickertsen,2022-10-30
RH005355,5355,Rusty Hastings,2022-10-27
DH000044,44,Daniele Huxster,2022-10-29
AG067727,67727,Arther Gouch,2022-10-26
HT424541,424541,Hillary Terzi,2022-10-24
JD033479,33479,Jenny Dobbings,2022-10-28
HK893496,893496,Hilde Kohnen,2022-10-24
JM008419,8419,Jackie Munroe,2022-10-30
DJ360907,360907,Darsie Jinkin,2022-10-28
IB047071,47071,Isac Buyers,2022-10-29
AC074369,74369,Allyson Cone,2022-10-29
CW000319,319,Carine Wickersley,2022-10-24
OT092998,92998,Olivero Talby,2022-10-25
DL000491,491,Dyane Lensch,2022-10-25
WB035749,35749,Wally Botterell,2022-10-27
CB062182,62182,Cull Bartoli,2022-10-27
LS054490,54490,Lucia Strattan,2022-10-25
EE174597,174597,Everard Easterbrook,2022-10-25
DC045444,45444,Danita Carmel,2022-10-29
TE093179,93179,Terrijo Enticott,2022-10-26
AJ068009,68009,Alia Jude,2022-10-30
TV006912,6912,Thurstan Valentelli,2022-10-30
GK055199,55199,Grethel Klimentov,2022-10-25
CC000492,492,Carry Crampin,2022-10-25
MW003412,3412,Marta Welden,2022-10-29
HK009440,9440,Hilly Kerbler,2022-10-28
OW003979,3979,Othelia Whatham,2022-10-27
CK000392,392,Corny Karlolczak,2022-10-30
LR446119,446119,Loydie Rawlingson,2022-10-30
BD004228,4228,Bart Dies,2022-10-29
AW002910,2910,Amitie Winwood,2022-10-24
TS000209,209,Terri Spencer,2022-10-27
CA073966,73966,Conrado Ansett,2022-10-25
HY077471,77471,Haroun Yarnley,2022-10-27
CM520795,520795,Carmine Marritt,2022-10-30
GB993807,993807,Greg Brockman,2022-10-28
BJ860705,860705,Billi Jandak,2022-10-24
AN000960,960,Anne Norres,2022-10-25
FK028096,28096,Fedora Kellen,2022-10-30
HF001143,1143,Harmonia Fritschmann,2022-10-29
LH097568,97568,Lavena Handscombe,2022-10-24
BS095838,95838,Buffy Sadry,2022-10-24
LM039887,39887,Lilly Mazin,2022-10-26
WC007539,7539,Winston Conti,2022-10-24
JA046981,46981,Julius Ambrois,2022-10-27
MP000846,846,Malory Pavolini,2022-10-28
EG007469,7469,Elihu Gasnoll,2022-10-26
RB004624,4624,Rooney Bezzant,2022-10-28
EC000401,401,Elfrida Callicott,2022-10-24
MT993903,993903,Martyn Traise,2022-10-26
RC091622,91622,Randy Chatelet,2022-10-29
EM475998,475998,Edgar Muggleton,2022-10-28
BK003664,3664,Brittany Klain,2022-10-29
FS068394,68394,Foss Smith,2022-10-26
DF050607,50607,Dorise Ferencowicz,2022-10-30
JD001497,1497,Jakie Deek,2022-10-29
LP024923,24923,Lyell Pester,2022-10-28
PS002852,2852,Pincus Servis,2022-10-29
CA009068,9068,Corrianne Adney,2022-10-26
EG027809,27809,Elmira Gethin,2022-10-24
HK002239,2239,Hillary Keppe,2022-10-26
CM095367,95367,Corrinne Moncrefe,2022-10-29
ZF052926,52926,Zsazsa Francesc,2022-10-26
AJ046147,46147,Andres Jantot,2022-10-24
RR003948,3948,Reinald Rattenberie,2022-10-24
LH000950,950,Lindsay Harryman,2022-10-29
DD000289,289,Danya Dandy,2022-10-24
KS000312,312,Kass Sander,2022-10-28
ER004109,4109,Eugenius Riply,2022-10-27
CB746750,746750,Chester Byk,2022-10-25
BM022003,22003,Brett McCaughen,2022-10-27
BO000502,502,Bonni Omrod,2022-10-29
NR604471,604471,Natty Rosendall,2022-10-28
EM034983,34983,Emelina Meugens,2022-10-24
BV025461,25461,Byrom Vlasin,2022-10-29
QP000772,772,Quentin Pott,2022-10-29
SB000920,920,Sandy Bonniface,2022-10-24
CA088858,88858,Cristie Arnett,2022-10-30
DS833866,833866,Daffy Scates,2022-10-28
RS062159,62159,Ronni Schall,2022-10-27
BL000697,697,Booth Leechman,2022-10-29
CS009852,9852,Curry Sudell,2022-10-24
KS012726,12726,Kristofer Somers,2022-10-29
AL000226,226,Ansel Lombardo,2022-10-24
RN079102,79102,Ruby Neely,2022-10-28
MP000509,509,Misti Powell,2022-10-30
RM009060,9060,Rafaelita Murie,2022-10-28
DS005851,5851,Doro Snell,2022-10-29
AD029470,29470,Anatole Danniel,2022-10-28
MB003637,3637,Mohandas Boldecke,2022-10-28
SB056917,56917,Saree Bellwood,2022-10-29
MM002001,2001,Melba Milberry,2022-10-30
GG469458,469458,Genevieve Guiton,2022-10-29
RS846669,846669,Rafaela Scare,2022-10-26
JF046406,46406,Joleen Fitton,2022-10-24
AB003869,3869,Algernon Baudon,2022-10-24
LH000886,886,Linn Hovington,2022-10-28
ST055878,55878,Solomon Tammadge,2022-10-29
CW003098,3098,Charla Woodier,2022-10-26
BG040325,40325,Brandon Garlant,2022-10-29
PA000142,142,Paige Accomb,2022-10-26
OD849898,849898,Olympie Duesbury,2022-10-29
AG033248,33248,Ali Gergus,2022-10-27
AP038218,38218,Aurilia Priddis,2022-10-24
RS013338,13338,Rob Simone,2022-10-29
CW053903,53903,Carolann Wiltshaw,2022-10-28
MW043876,43876,Melisandra Warrior,2022-10-27
RP001902,1902,Reggis Plewes,2022-10-29
SM000687,687,Seumas Mourant,2022-10-25
AT006022,6022,Abbey Topling,2022-10-30
MB000314,314,Mellisa Bodill,2022-10-29
KD005560,5560,Keene Dagleas,2022-10-25
ST083619,83619,Spense Tesche,2022-10-27
DS000176,176,Deedee Salway,2022-10-26
EG068059,68059,Essy Gaymar,2022-10-24
JM000451,451,Joaquin Muirden,2022-10-26
QM000593,593,Quintana MacCallum,2022-10-25
US087375,87375,Udall Subhan,2022-10-30
ES000513,513,Edmon Samsin,2022-10-25
YA009774,9774,Ysabel Austin,2022-10-24
BO000736,736,Brock O'Rourke,2022-10-25
TR000824,824,Tanny Riglesford,2022-10-28
RW844593,844593,Reuben Wardesworth,2022-10-26
BB054164,54164,Bo Bonhomme,2022-10-26
TF000862,862,Trudie Ference,2022-10-29
RR000261,261,Ruttger Rothert,2022-10-24
AG095079,95079,Aileen Gemelli,2022-10-29
WG713364,713364,Wynne Geldart,2022-10-26
WS000191,191,Willy Slingsby,2022-10-30
KT260447,260447,Kirstin Tremayne,2022-10-25
KM000930,930,Kearney McAughtrie,2022-10-30
JD009414,9414,Jacquenette Dodds,2022-10-25
OD002735,2735,Odetta Damrell,2022-10-27
CI020892,20892,Carlen Ivankov,2022-10-25
HM052561,52561,Harper McArd,2022-10-24
SS000117,117,Sheryl South,2022-10-30
BW905375,905375,Brittne Waud,2022-10-29
DW008184,8184,Danell Warrillow,2022-10-29
LW000639,639,Liane Wringe,2022-10-28
LS000298,298,Lindi Simkiss,2022-10-27
RG098424,98424,Robbie Goodere,2022-10-27
CF005683,5683,Cordelia Forster,2022-10-25
AH000623,623,Aharon Huxster,2022-10-28
ST004268,4268,Sylvan Trevino,2022-10-25
KB000863,863,Karney Basketfield,2022-10-28
ZB000055,55,Zelda Bernaert,2022-10-29
TT065923,65923,Tanhya Terrelly,2022-10-25
WL000355,355,Winonah Ledingham,2022-10-29
BW038637,38637,Bernete Westbrook,2022-10-29
JT043004,43004,Juliann Tompion,2022-10-25
MG070974,70974,Maryjo Gelland,2022-10-28
RH000226,226,Rozele Hune,2022-10-27
DG097744,97744,Darcie Gherardelli,2022-10-27
FV011402,11402,Fayth Veschambes,2022-10-28
MG224809,224809,Myron Goodhay,2022-10-29
TS004448,4448,Trixy Selborne,2022-10-24
DT005609,5609,Dorella Tilbey,2022-10-24
KQ089175,89175,Kerrill Quigg,2022-10-28
EB013592,13592,Edmund Bristow,2022-10-24
AB684768,684768,Arlyne Brownfield,2022-10-27
GL005286,5286,Gabriell Littlemore,2022-10-25
LS042024,42024,Leilah Schimaschke,2022-10-26
HG000711,711,Hart Gooderick,2022-10-28
VT011923,11923,Vale Train,2022-10-26
OB218353,218353,Olivero Betancourt,2022-10-24
SJ062191,62191,Sidnee Jinks,2022-10-29
QW024267,24267,Quinta Whitby,2022-10-26
BM096885,96885,Berri McGinlay,2022-10-26
MC075423,75423,Miles Culvey,2022-10-27
SC004383,4383,Shaun Chaffyn,2022-10-30
KO000183,183,Konrad O'Fihily,2022-10-30
GP001219,1219,Grover Probbin,2022-10-24
MG063301,63301,Miguelita Grimsdyke,2022-10-25
WA015368,15368,Wini Aloshechkin,2022-10-25
LR006057,6057,Lorain Rachuig,2022-10-25
LL000740,740,Lammond Liggett,2022-10-30
KT070075,70075,Korie Targe,2022-10-28
NS086487,86487,Nara Stoneham,2022-10-26
SF058098,58098,Shea Ferencowicz,2022-10-26
KE103624,103624,Krissy Eicke,2022-10-25
CM000517,517,Charlton McGaughey,2022-10-28
BM000782,782,Bartlet Moreno,2022-10-30
CW003711,3711,Cindee Warde,2022-10-25
AC030610,30610,Amelia Carrel,2022-10-27
BC058084,58084,Benson Cookley,2022-10-29
JK023736,23736,Josias Kenningham,2022-10-26
BP008100,8100,Burty Pollock,2022-10-30
JR049423,49423,Jessica Rawet,2022-10-30
MS053840,53840,Miner Sponder,2022-10-28
VC009068,9068,Valerie Callard,2022-10-27
GL859198,859198,Gertruda Lindwasser,2022-10-26
RG000764,764,Rochella Gowenlock,2022-10-30
KJ066935,66935,Karim Janaud,2022-10-27
CD009159,9159,Cristie Dyers,2022-10-25
PD002169,2169,Padraig Driffield,2022-10-28
UB006644,6644,Ulrika Bowshire,2022-10-26
OD006663,6663,Orran Daish,2022-10-30
UW004420,4420,Udale Wessing,2022-10-26
SD008901,8901,Shaylah Dohms,2022-10-25
KD079031,79031,King Dubery,2022-10-24
FS003907,3907,Feodor Swetmore,2022-10-25
AS000422,422,Audrey Sheirlaw,2022-10-24
JM007265,7265,Johannah McPhelim,2022-10-28
MW260891,260891,Mersey Wartonby,2022-10-26
MC054725,54725,Marielle Cattroll,2022-10-24
JB027992,27992,Jewel Baalham,2022-10-27
OS000176,176,Ofella Sarge,2022-10-25
CF015837,15837,Celie Fish,2022-10-24
MW004514,4514,Margit Waddup,2022-10-26
WL038413,38413,Wendie Labbati,2022-10-30
CE044050,44050,Chrissy Eddins,2022-10-26
WW002469,2469,Woodman Wibrew,2022-10-28
GF000146,146,Granthem Folbig,2022-10-29
WS000890,890,Willetta Seiler,2022-10-28
NK026959,26959,Neila Killbey,2022-10-30
NC000690,690,Nicolis Cason,2022-10-26
LR048681,48681,Lazar Rubinowitch,2022-10-24
RL004816,4816,Rennie Lynch,2022-10-25
AW021586,21586,Alyce Worgen,2022-10-26
EC000216,216,Emyle Coatsworth,2022-10-26
CS005302,5302,Conway Sushams,2022-10-24
SR005119,5119,Stephannie Riedel,2022-10-26
HK004401,4401,Hugibert Keijser,2022-10-30
BH032125,32125,Bessie Heatherington,2022-10-30
AL491267,491267,Abigael Luc,2022-10-24
CM004904,4904,Cherye Meek,2022-10-27
AL521502,521502,Arabella Loxdale,2022-10-28
MC000171,171,Miguel Cristea,2022-10-26
TM783221,783221,Tiler Mulvenna,2022-10-29
HC007040,7040,Hurley Campos,2022-10-27
DK028049,28049,Dukie Kiddy,2022-10-26
CG027739,27739,Cacilie Grigorini,2022-10-27
KG000894,894,Kathe Grimley,2022-10-30
ST001023,1023,Shawnee Tiddy,2022-10-27
RH882605,882605,Raine Hankard,2022-10-25
RT051602,51602,Ric Tankus,2022-10-29
KS000985,985,Karoly Stone,2022-10-30
RR091144,91144,Remington Richardon,2022-10-25
JM023787,23787,Joice Mark,2022-10-28
MJ039680,39680,Myrtie Janko,2022-10-25
CW078302,78302,Curran Wasiel,2022-10-24
JH076817,76817,Jan Hellwing,2022-10-25
DP026902,26902,Deeanne Padgett,2022-10-24
QG055679,55679,Quent Gaywood,2022-10-30
FS000908,908,Farah Schofield,2022-10-29
BK005091,5091,Barnebas Killingworth,2022-10-24
OA053627,53627,Ola Anfossi,2022-10-28
JS002582,2582,Jillene Swannack,2022-10-26
VM013904,13904,Verine McGing,2022-10-24
SM339980,339980,Sigismund Marcham,2022-10-25
DG000981,981,Dawna Galland,2022-10-30
RS080663,80663,Robin Skyner,2022-10-24
SK008209,8209,Stanfield Kersey,2022-10-29
LG000220,220,Loraine Gullen,2022-10-25
NJ031406,31406,Nadia January,2022-10-29
FC006208,6208,Ferguson Chapellow,2022-10-24
TF001395,1395,Toby Fernie,2022-10-28
GH002642,2642,Godfree Haddow,2022-10-28
GI000505,505,Giacopo Igglesden,2022-10-24
CB007902,7902,Celka Bynold,2022-10-28
MV044875,44875,Mada Vlasyev,2022-10-27
PW801644,801644,Phillipe Way,2022-10-24
GR905912,905912,Godart Rodear,2022-10-25
TC000940,940,Travers Calendar,2022-10-24
SR686276,686276,Stanley Ritchings,2022-10-28
BG000659,659,Brooks Gainsborough,2022-10-28
LL038361,38361,Lillis Leivesley,2022-10-29
SM009196,9196,Selby Marchant,2022-10-29
HS012456,12456,Haywood Sargeaunt,2022-10-25
RH000197,197,Richy Hymas,2022-10-28
WW007726,7726,Wolf Wrigglesworth,2022-10-25
FM007624,7624,Feodor Mobley,2022-10-29
MJ004101,4101,Marcile Jeavon,2022-10-29
VV980521,980521,Velma Vaulkhard,2022-10-25
LC003931,3931,Loraine Cod,2022-10-26
CP000452,452,Carlina Palffy,2022-10-24
TS000415,415,Trudy Sainsbury,2022-10-27
HP621659,621659,Haskel Pedrazzi,2022-10-30
AM096269,96269,Ashia Mulmuray,2022-10-26
RC040705,40705,Rachele Campbell-Dunlop,2022-10-29
JB049541,49541,Janine Branson,2022-10-30
ET000951,951,Evelin Thomkins,2022-10-24
RM008719,8719,Roderick Moggan,2022-10-24
UL078019,78019,Ursola Lissemore,2022-10-27
JP040008,40008,Jeanie Parysiak,2022-10-25
UW005642,5642,Ursa Wilcock,2022-10-27
KG000533,533,Kiah Gerard,2022-10-25
CD004916,4916,Colette Danielian,2022-10-27
BG005475,5475,Barnaby Grishmanov,2022-10-28
CS050951,50951,Casi Soanes,2022-10-29
CP078789,78789,Clo Prinett,2022-10-26
CM054057,54057,Cross Mattaus,2022-10-26
SB085691,85691,Stefa Busk,2022-10-26
AS543337,543337,Ardine Sumner,2022-10-29
DR573227,573227,Doretta Ryburn,2022-10-27
OS073821,73821,Ola Skrzynski,2022-10-24
GM005427,5427,Gerik Mitton,2022-10-27
EE083886,83886,Etienne Effemy,2022-10-27
MM072133,72133,Muffin Mansel,2022-10-25
RK089013,89013,Ripley Koopman,2022-10-24
SB013284,13284,Sayers Broose,2022-10-26
JB003386,3386,Janetta Bennett,2022-10-28
BS101100,101100,Barrie Santore,2022-10-30
CB049841,49841,Carlyle Bird,2022-10-29
HA049706,49706,Ham Allen,2022-10-26
WB015487,15487,Willie Baden,2022-10-27
MH000455,455,Marilin Hambly,2022-10-30
AS005853,5853,Aldon Sichardt,2022-10-28
SG002940,2940,Salim Guilloton,2022-10-24
OM045805,45805,Odey Magauran,2022-10-30
FS020733,20733,Fredra Swinnard,2022-10-30
WB009117,9117,Werner Beccero,2022-10-25
GP067350,67350,Glory Prebble,2022-10-29
PS563878,563878,Philomena Spadaro,2022-10-26
RS071588,71588,Randie Shuter,2022-10-28
WB009205,9205,Wainwright Belham,2022-10-24
SQ720321,720321,Suki Quadling,2022-10-24
AB007555,7555,Alonso Blaskett,2022-10-25
VS053692,53692,Vonni Saket,2022-10-27
FG002115,2115,Freida Gregan,2022-10-26
VM004283,4283,Venita Minter,2022-10-27
WA000433,433,Wyn Anfrey,2022-10-25
JF076614,76614,Jeannette Frantz,2022-10-25
AC000330,330,Alfy Carass,2022-10-24
IM000664,664,Ilaire Massei,2022-10-29
RV097510,97510,Reba Varley,2022-10-30
AK009036,9036,Abigael Kalaher,2022-10-25
AB067059,67059,Arvy Bowlas,2022-10-30
BG005289,5289,Beverley Genney,2022-10-30
SC035771,35771,Scarlet Cheeke,2022-10-28
MP008619,8619,Michele Pauling,2022-10-28
VB000290,290,Vasili Billson,2022-10-30
DB000973,973,Dario Bagger,2022-10-26
EG000732,732,Ellery Gaymer,2022-10-28
HD523620,523620,Howard Dumbarton,2022-10-29
AL001643,1643,Alisa Lusgdin,2022-10-26
EC005105,5105,Elinor Cockson,2022-10-27
DS001708,1708,Danny Snelgar,2022-10-27
SS003819,3819,Samaria Striker,2022-10-25
AG022505,22505,Arvie Grenville,2022-10-30
MH054546,54546,Mill Hattam,2022-10-28
MC005099,5099,Mona Carey,2022-10-29
PS004421,4421,Phillipe Shugg,2022-10-28
OS000886,886,Obadiah Spellward,2022-10-24
GG006852,6852,Giffy Geffen,2022-10-24
WC022119,22119,Waly Caff,2022-10-29
MM000041,41,Mala Myrkus,2022-10-30
RT083420,83420,Rem Talton,2022-10-25
TD030088,30088,Tomlin Danzelman,2022-10-28
BB029530,29530,Briant Biasi,2022-10-24
RS057400,57400,Renado Shane,2022-10-29
HG001602,1602,Heloise Goadsby,2022-10-24
CD001597,1597,Chadd Donaho,2022-10-24
IC095686,95686,Ignaz Carefull,2022-10-30
LA001086,1086,Lizette Abdy,2022-10-30
BP089536,89536,Brynn Plester,2022-10-26
NP043902,43902,Nickolaus Patrone,2022-10-26
SC079492,79492,Spence Craigg,2022-10-24
TD002853,2853,Tymon Duke,2022-10-28
SK137876,137876,Suzie Kippins,2022-10-25
BY095950,95950,Bernie Yarnold,2022-10-24
CR026744,26744,Corrinne Reyne,2022-10-27
ES000243,243,Edgard Sagerson,2022-10-27
NI008954,8954,Ninette Insall,2022-10-26
IS005231,5231,Iolande Sebley,2022-10-25
KS004469,4469,Keenan Smeall,2022-10-29
RL028115,28115,Rosalind Lowy,2022-10-26
FS000227,227,Flory Sherratt,2022-10-27
PS045076,45076,Pippy Scahill,2022-10-28
RF120307,120307,Raina Fairlie,2022-10-26
DA009215,9215,Drucy Acomb,2022-10-29
PM000878,878,Pauly MacCaig,2022-10-30
FY015406,15406,Frasco Yateman,2022-10-24
KL004179,4179,Kailey Llewellyn,2022-10-26
RT001378,1378,Raynor Turfus,2022-10-24
BP000806,806,Brittan Petegree,2022-10-29
BG033746,33746,Bernette Girard,2022-10-26
FW037867,37867,Flory Whate,2022-10-26
WP055397,55397,Wynn Pickerill,2022-10-30
GL000943,943,Giffer Lodovichi,2022-10-26
AM007523,7523,Adelaide Madsen,2022-10-30
PC005637,5637,Paolo Clerk,2022-10-25
LD098253,98253,Leeland Danielsohn,2022-10-30
AG016342,16342,Alexandro Giron,2022-10-30
RS027909,27909,Royall Stace,2022-10-26
NC038718,38718,Nels Cliss,2022-10-27
TG009794,9794,Travers Gohn,2022-10-25
RR003941,3941,Romeo Rowen,2022-10-24
GO003037,3037,Gillan Odlin,2022-10-30
CK003548,3548,Claudius Kretschmer,2022-10-26
EB026154,26154,Elvira Bonham,2022-10-30
ML047615,47615,Mina Lock,2022-10-29
AH008341,8341,Alfie Hartop,2022-10-25
CD002572,2572,Camel Dwyr,2022-10-27
TB889457,889457,Tiffy Bloxsum,2022-10-26
EH008062,8062,Eliot Herety,2022-10-30
GD004954,4954,Gregorius Daniel,2022-10-26
LS000721,721,Lynn Sayers,2022-10-25
ZS000838,838,Zebulen Skivington,2022-10-24
EK092967,92967,Elliot Kruis,2022-10-30
BB000687,687,Bradan Blunsden,2022-10-29
GC005692,5692,Gaylene Coleyshaw,2022-10-28
TD000479,479,Tasia Dene,2022-10-27
OP000570,570,Olympie Pinnion,2022-10-25
DS009652,9652,Devi Speakman,2022-10-25
JC006495,6495,Jordana Capstick,2022-10-25
SG006445,6445,Susy Grigoryov,2022-10-29
AJ065932,65932,Aldus Jiroutek,2022-10-27
ER094388,94388,Edsel Rembaud,2022-10-24
WB056523,56523,Warde Bridgement,2022-10-26
CT000063,63,Cullan Thurlbeck,2022-10-28
KS000359,359,Kelsey Speller,2022-10-25
RC009976,9976,Reece Chaff,2022-10-29
EJ028806,28806,Early Jillett,2022-10-29
EH004875,4875,Emmy Higford,2022-10-28
KL000580,580,Kylynn Lydster,2022-10-24
AW006444,6444,Abbie Witherspoon,2022-10-29
RB013593,13593,Riannon Beane,2022-10-26
GI053247,53247,Goldia Ingreda,2022-10-27
UB037630,37630,Ula Bannell,2022-10-26
BC000955,955,Brynne Cafferty,2022-10-25
VJ000476,476,Valentia Joao,2022-10-30
MB094066,94066,Maury Buxey,2022-10-26
AT005488,5488,Adora Thomazin,2022-10-24
WL071982,71982,Wiley Laughtisse,2022-10-27
AD002416,2416,Alan Dommersen,2022-10-26
Hf000019,19,Hoebart felip,2022-10-29
KS003970,3970,Konstanze Scrimshaw,2022-10-27
RM006216,6216,Roanne Mosdall,2022-10-25
AC000069,69,Amandi Celiz,2022-10-28
VI008715,8715,Violette Ionesco,2022-10-25
CH008292,8292,Craggie Harries,2022-10-30
SR000079,79,Stewart Ribou,2022-10-25
CJ000820,820,Carney Jacobowits,2022-10-30
FO088160,88160,Fairfax O'Tierney,2022-10-26
AA006730,6730,Abe Arnaut,2022-10-25
CM003566,3566,Cristine McKelvey,2022-10-25
MD921478,921478,Myranda Dene,2022-10-27
FB062390,62390,Fey Bibby,2022-10-27
GB000673,673,Galven Berkelay,2022-10-24
JC006226,6226,Jo-anne Cleevely,2022-10-30
FR067145,67145,Fleur Ruspine,2022-10-24
BM003182,3182,Brittany MacGinney,2022-10-28
DL981662,981662,Delphine Leghorn,2022-10-28
MF000435,435,Marshall Fearn,2022-10-27
MC075464,75464,Milissent Colls,2022-10-27
TL000840,840,Tommy Laughlin,2022-10-24
YB000225,225,Yetta Berriman,2022-10-27
LR000664,664,Leah Rasper,2022-10-28
RG048870,48870,Robena Gawke,2022-10-27
MW000952,952,Marthena Wilsone,2022-10-29
MG035968,35968,Michel Gilloran,2022-10-26
AR004174,4174,Archibaldo Ridger,2022-10-24
LM007771,7771,Libbi McLaughlan,2022-10-27
EH064755,64755,Eulalie Housegoe,2022-10-25
MJ009476,9476,Margit Jiranek,2022-10-26
RD001343,1343,Rhodie Drewitt,2022-10-27
DB000309,309,Devy Balke,2022-10-28
RG044439,44439,Roana Girardini,2022-10-27
SP090620,90620,Shawnee Prickett,2022-10-30
KM077073,77073,Karlyn Mabbutt,2022-10-26
RS004400,4400,Robinet Symonds,2022-10-26
BG000066,66,Boote Gradley,2022-10-25
JP047296,47296,Joachim Pomfrey,2022-10-27
CT086499,86499,Charisse Tewnion,2022-10-27
MN004409,4409,Maurizio Nettleship,2022-10-26
BP054018,54018,Bradford Perry,2022-10-24
FM000025,25,Farris Myford,2022-10-30
MM000056,56,Morena McGaughey,2022-10-27
AS056810,56810,Alvin Skinner,2022-10-29
VS020374,20374,Vincent Swafford,2022-10-29
NE003818,3818,Noach Edmund,2022-10-27
JM075941,75941,Jeff Moncaster,2022-10-30
MM000807,807,Malcolm Marriott,2022-10-28
KP006688,6688,Kinny Penberthy,2022-10-24
JL070583,70583,Jazmin Lambkin,2022-10-26
JL035739,35739,Justis Lowne,2022-10-29
BJ063129,63129,Brig Juggins,2022-10-28
DF000582,582,Duffie Fielder,2022-10-24
NK004695,4695,Nickie Kleinplac,2022-10-27
PM000126,126,Paco Marfell,2022-10-30
PF000728,728,Pammie Fogden,2022-10-24
MV140396,140396,Masha Vasilyevski,2022-10-30
AB002289,2289,Andra Birchill,2022-10-30
CL006550,6550,Cori Littler,2022-10-27
FC000337,337,Fey Cruft,2022-10-27
MC006563,6563,Mable Carrett,2022-10-27
JC000896,896,Javier Cairns,2022-10-25
CA008854,8854,Cosette Athey,2022-10-27
PE004254,4254,Prentiss Eyres,2022-10-27
JR002296,2296,Jeni Ridewood,2022-10-24
DY011503,11503,Dara Yurikov,2022-10-27
LR000570,570,Launce Rimes,2022-10-27
CT000155,155,Chrissie Tolfrey,2022-10-26
PT061434,61434,Patton Towers,2022-10-25
DS004742,4742,Darline Shynn,2022-10-27
MM000564,564,Mano MacArthur,2022-10-27
NT177995,177995,Nealon Tarbath,2022-10-28
GS008579,8579,Guillema Swinney,2022-10-28
PS039053,39053,Philippe Sawdy,2022-10-25
CS061725,61725,Claudina Sweeny,2022-10-26
TP000777,777,Tait Plenty,2022-10-27
BK000426,426,Burnaby Kilminster,2022-10-26
DN000149,149,Dalenna Nuzzi,2022-10-25
ZR007776,7776,Zita Ryde,2022-10-29
EM000390,390,Elliot Mertsching,2022-10-30
RM279653,279653,Rosita Muir,2022-10-25
BM077931,77931,Bobbette Morot,2022-10-29
HM008507,8507,Hillier Mar,2022-10-27
SG240910,240910,Sigismund Glasscoo,2022-10-29
TR219456,219456,Tibold Redihalgh,2022-10-30
MG029356,29356,Mandy Griss,2022-10-26
GP002756,2756,Ginger Portt,2022-10-28
PG006267,6267,Perren Garm,2022-10-26
DB006040,6040,Dom Beaves,2022-10-28
TD523511,523511,Trey Doylend,2022-10-29
LM002067,2067,Lacy Meletti,2022-10-24
BK072338,72338,Bettina Klimochkin,2022-10-29
TF074498,74498,Teddi Figurski,2022-10-27
DW004933,4933,Dorice Wordesworth,2022-10-26
PT005301,5301,Pierre Triggs,2022-10-27
RD000478,478,Rusty Darker,2022-10-29
AL025389,25389,Alameda Loder,2022-10-30
FE004291,4291,Faulkner Etteridge,2022-10-30
SR003432,3432,Sinclair Rolingson,2022-10-28
LP077102,77102,Lonny Purvis,2022-10-25
SS009970,9970,Sydney Strauss,2022-10-27
KC000748,748,Kermie Cancott,2022-10-25
NF059435,59435,Noll Ferron,2022-10-24
TL007813,7813,Titus Livingstone,2022-10-25
RA003973,3973,Raymund Aleksahkin,2022-10-25
AH000029,29,Ardra Hoopper,2022-10-24
RB068380,68380,Rockie Bancroft,2022-10-25
AO003118,3118,Arielle Ogglebie,2022-10-24
MC000399,399,Maegan Coghlin,2022-10-24
CH000280,280,Conrade Hovie,2022-10-26
DR005703,5703,Dari Raselles,2022-10-28
TB005602,5602,Tilly Breazeall,2022-10-26
BC000529,529,Boigie Crenage,2022-10-29
MB000884,884,Marthe Broscombe,2022-10-24
MM009083,9083,Malcolm McCahill,2022-10-24
AP004794,4794,Almeda Panons,2022-10-29
SK055978,55978,Sara-ann Keavy,2022-10-29
GE031735,31735,Genny Emmott,2022-10-28
MG059039,59039,Malvina Gautrey,2022-10-29
RM002517,2517,Rodd Mulhall,2022-10-29
MN004129,4129,Merola Neubigin,2022-10-24
LB009271,9271,Lennard Browncey,2022-10-27
EH007468,7468,Eula Harragin,2022-10-25
AF000830,830,Alford Fassan,2022-10-30
SE006841,6841,Sibilla Elden,2022-10-29
GM948761,948761,Gillan McGlashan,2022-10-29
ME006223,6223,Maureen Endrici,2022-10-28
RS028029,28029,Ricky Simmonett,2022-10-24
OB828103,828103,Orly Bonhome,2022-10-26
EK001580,1580,Eli Kinglake,2022-10-28
NV024836,24836,Ninon Vernall,2022-10-29
FS000723,723,Farly Spendley,2022-10-29
RA021334,21334,Renado Arnefield,2022-10-25
SK012552,12552,Stacey Kneale,2022-10-29
AH013888,13888,Annabal Hallum,2022-10-29
RL050996,50996,Ryon Liddington,2022-10-26
ID018508,18508,Iggy Davydkov,2022-10-24
BB096109,96109,Berkley Buzza,2022-10-26
KP000021,21,Kurtis Proudler,2022-10-27
CW000552,552,Camala Wishart,2022-10-29
DB027118,27118,Danit Babin,2022-10-25
AS069555,69555,Arabel Skirlin,2022-10-27
MF007217,7217,Merry Figliovanni,2022-10-24
AH016627,16627,Adan Hyndes,2022-10-24
DA006462,6462,Durante Adolfson,2022-10-30
HM013073,13073,Hercule Marrison,2022-10-26
VL097956,97956,Verina Lammerding,2022-10-29
HH003520,3520,Harri Hedney,2022-10-30
SN003782,3782,Stanton Neward,2022-10-26
HF001187,1187,Hillyer Foulger,2022-10-29
JW000945,945,Jeddy Wasbrough,2022-10-24
GH060144,60144,Gabriella Hainey,2022-10-28
TD003402,3402,Thea Desseine,2022-10-29
DB000965,965,Dorine Bleakman,2022-10-27
AR000265,265,Addy Rohmer,2022-10-24
ZR027140,27140,Zorine Rosebotham,2022-10-26
AV007630,7630,Archambault Venart,2022-10-28
DS000540,540,Delaney Sanday,2022-10-24
FS067681,67681,Frasco Saunderson,2022-10-30
GT071875,71875,Gerek Trussler,2022-10-26
AW000288,288,Anthiathia Weeds,2022-10-26
MB000388,388,Miranda Butner,2022-10-25
RO037792,37792,Rebe Ottey,2022-10-25
RT007183,7183,Rurik Titcom,2022-10-25
NL049956,49956,Nikos Lyster,2022-10-27
DF000381,381,Dillie Fulep,2022-10-29
CO005038,5038,Celeste Owers,2022-10-24
ZB000176,176,Zorana Baldrick,2022-10-29
PB004660,4660,Pearle Beche,2022-10-26
ZP000910,910,Zackariah Perren,2022-10-24
EI094002,94002,Electra Iston,2022-10-24
BO027886,27886,Bobbye O'Dee,2022-10-27
GP072107,72107,Giorgia Petrelli,2022-10-25
MM440745,440745,Magdaia Missenden,2022-10-25
IM835304,835304,Imogen Mather,2022-10-26
IL085746,85746,Imojean Louca,2022-10-30
EG000208,208,Eunice Gabler,2022-10-25
PL005131,5131,Peyton Ladlow,2022-10-25
CK006922,6922,Cobb Kirkhouse,2022-10-25
MA009315,9315,Mel Aistrop,2022-10-26
EK042323,42323,Eduino Klawi,2022-10-28
TA000394,394,Tris Antognazzi,2022-10-25
CV036913,36913,Chrysler Vales,2022-10-25
MD024915,24915,Maria Dillingham,2022-10-24
TF044213,44213,Thomasa Francesconi,2022-10-24
CB009079,9079,Consalve Barten,2022-10-29
KA053714,53714,Karlee Amburgy,2022-10-29
AJ056745,56745,Ariella Jelliman,2022-10-27
AH021735,21735,Ailey Halfpenny,2022-10-26
ES072808,72808,Elvina Style,2022-10-27
MG009092,9092,Mala Gladdifh,2022-10-27
DS002090,2090,Darleen Spargo,2022-10-29
RC040206,40206,Rockie Cuvley,2022-10-27
DH007980,7980,Donaugh Hallex,2022-10-26
CA528364,528364,Chelsey Awty,2022-10-27
CB010468,10468,Cornall Bulcroft,2022-10-29
AF049196,49196,Athene Falshaw,2022-10-29
DB658355,658355,Dennis Brimblecombe,2022-10-30
AH005161,5161,Aldon Hanbridge,2022-10-26
MS575833,575833,Mill Svanini,2022-10-29
AS861223,861223,Agustin Stirling,2022-10-29
SJ036261,36261,Shurlocke Jochanany,2022-10-28
EO051805,51805,Ernesto Offield,2022-10-24
KC030937,30937,Kenna Chrispin,2022-10-27
JM000160,160,Johnny MacIver,2022-10-25
MM000182,182,Moore Mauchlen,2022-10-27
CC007675,7675,Corri Comello,2022-10-27
SW346650,346650,Salli Witt,2022-10-27
EF009135,9135,Elysee Flewan,2022-10-28
AS000786,786,Aime Shears,2022-10-29
JM000394,394,Jackqueline McHenry,2022-10-26
RF064613,64613,Ramona Frewer,2022-10-28
RN000525,525,Roselle Norgan,2022-10-29
CW051546,51546,Cyrus Wearden,2022-10-26
HC000318,318,Hurleigh Chstney,2022-10-30
NH006078,6078,Noah Herley,2022-10-30
AM074055,74055,Averell Martelet,2022-10-27
CM000305,305,Carmelina Maccraw,2022-10-24
ER006828,6828,Egon Radoux,2022-10-28
LO095420,95420,Lem Occleshaw,2022-10-28
YD000697,697,Yovonnda Degenhardt,2022-10-24
LW007970,7970,Ladonna Weond,2022-10-25
PC000646,646,Preston Cloutt,2022-10-27
DS997422,997422,Di Siccombe,2022-10-26
RC014865,14865,Rosene Chester,2022-10-29
MP000862,862,Marya Paoletti,2022-10-29
MH000920,920,Maddie Halfacree,2022-10-28
DB000549,549,Dolph Bracchi,2022-10-25
KP008231,8231,Kearney Prigg,2022-10-30
TM035966,35966,Thaddeus Moulsdall,2022-10-25
RH083785,83785,Rinaldo Hamprecht,2022-10-28
CC009786,9786,Christalle Crippell,2022-10-28
ES020490,20490,Esme Sey,2022-10-27
SC000494,494,Sid Clerc,2022-10-24
AE000645,645,Aile Edgworth,2022-10-27
KG038643,38643,Kleon Gravenor,2022-10-25
ZB076732,76732,Zacharias Benyan,2022-10-26
PG088075,88075,Pansy Glazzard,2022-10-29
DT008778,8778,Dix Tunuy,2022-10-24
SD000763,763,Salmon Daber,2022-10-24
SP845134,845134,Sloan Pulman,2022-10-25
PM499457,499457,Pepita McVittie,2022-10-24
AP058388,58388,Alanson Pfeifer,2022-10-26
DW019373,19373,Dayle Westnedge,2022-10-28
VM007519,7519,Vite Maddigan,2022-10-30
JP005934,5934,Joann Pomroy,2022-10-28
SD001405,1405,Smith Dudeney,2022-10-29
FB003468,3468,Fanny Bauldry,2022-10-29
FT772340,772340,Fremont Totaro,2022-10-29
SG000291,291,Sadye Gomer,2022-10-27
PT500952,500952,Prescott Tatham,2022-10-30
JT072164,72164,Josi Teasell,2022-10-27
EI052274,52274,Elspeth Iliffe,2022-10-28
NM004944,4944,Nevsa McVey,2022-10-28
KM033857,33857,Kalil Murrish,2022-10-27
DU006064,6064,Demetris Urridge,2022-10-26
HG091730,91730,Hynda Giovanni,2022-10-24
WB054682,54682,Wilhelm Borg,2022-10-25
KV006621,6621,Kathryn Victory,2022-10-25
BB001031,1031,Brucie Blanchard,2022-10-27
EB011633,11633,Emmalee Batters,2022-10-25
LS006073,6073,Lissie Sotham,2022-10-29
MS091147,91147,Moreen Swanger,2022-10-24
BS002642,2642,Beaufort Snelgrove,2022-10-27
LL000468,468,Leanor Loncaster,2022-10-30
FF061202,61202,Fae Fleckno,2022-10-29
SR043695,43695,Sebastien Redington,2022-10-29
BW043692,43692,Barbabra Wheway,2022-10-30
JD986340,986340,Jorge Dignall,2022-10-27
SO091078,91078,Saunders O'Hickey,2022-10-29
AC097735,97735,Allix Concklin,2022-10-24
CA003437,3437,Carter Abrahamoff,2022-10-27
MP009817,9817,Michele Poli,2022-10-29
NB007054,7054,Nerti Bousquet,2022-10-30
AC096107,96107,Alissa Ciric,2022-10-27
CT003915,3915,Chandal Tille,2022-10-28
MH071390,71390,Major Hince,2022-10-24
MF000226,226,Mara Furmonger,2022-10-29
KH052733,52733,Kelli Horning,2022-10-30
FG045847,45847,Fionnula Goldin,2022-10-24
JL029504,29504,Jennie Lisimore,2022-10-29
MD007746,7746,Maryann Delve,2022-10-26
GG775291,775291,Gabrielle Gerry,2022-10-28
JD009749,9749,Jacob Demko,2022-10-28
ID000754,754,Isadora Despenser,2022-10-25
VM000905,905,Veronica Monument,2022-10-24
MB083770,83770,Meggi Blanchet,2022-10-25
MT070953,70953,Marwin Troop,2022-10-29
PD036421,36421,Peyton Dalrymple,2022-10-26
SM000540,540,Suzanna Morhall,2022-10-24
CC082520,82520,Constantine Corday,2022-10-24
DA007060,7060,Dedie Ainley,2022-10-28
GS017921,17921,Gran Sarle,2022-10-29
OG000348,348,Odell Goldis,2022-10-26
KJ002606,2606,Katleen Jaggs,2022-10-29
